{"v":"4.8.0","meta":{"g":"LottieFiles AE 1.1.0","a":"","k":"","d":"","tc":"#ffffff"},"fr":60,"ip":0,"op":240,"w":350,"h":350,"nm":"Loader-02-Light","ddd":0,"assets":[],"layers":[{"ddd":0,"ind":1,"ty":4,"nm":"Pine 1","sr":1,"ks":{"o":{"a":1,"k":[{"i":{"x":[0.833],"y":[0.833]},"o":{"x":[0.333],"y":[0]},"t":210,"s":[100]},{"t":239,"s":[0]}],"ix":11},"r":{"a":0,"k":0,"ix":10},"p":{"a":0,"k":[68.178,187.664,0],"ix":2},"a":{"a":0,"k":[13.05,36.299,0],"ix":1},"s":{"a":1,"k":[{"i":{"x":[0.667,0.667,0.667],"y":[1,1,1]},"o":{"x":[0.333,0.333,0.333],"y":[0,0,0]},"t":122,"s":[0,0,100]},{"i":{"x":[0.667,0.667,0.667],"y":[1,1,1]},"o":{"x":[0.333,0.333,0.333],"y":[0,0,0]},"t":142,"s":[100,110,100]},{"t":152,"s":[100,100,100]}],"ix":6}},"ao":0,"shapes":[{"ty":"gr","it":[{"ind":0,"ty":"sh","ix":1,"ks":{"a":0,"k":{"i":[[3.03,0],[0,3.03],[-3.03,0],[0,-3.029]],"o":[[-3.03,0],[0,-3.029],[3.03,0],[0,3.03]],"v":[[0,0.206],[-5.486,-5.28],[0,-10.766],[5.486,-5.28]],"c":true},"ix":2},"nm":"Path 1","mn":"ADBE Vector Shape - Group","hd":false},{"ind":1,"ty":"sh","ix":2,"ks":{"a":0,"k":{"i":[[7.069,0],[0,-6.943],[-2.818,-3.226],[-0.436,0.498],[0,8.704]],"o":[[-7.069,0],[0,8.704],[0.436,0.498],[2.818,-3.226],[0,-6.943]],"v":[[0,-18.08],[-12.8,-5.508],[-0.815,17.582],[0.815,17.582],[12.8,-5.508]],"c":true},"ix":2},"nm":"Path 2","mn":"ADBE Vector Shape - Group","hd":false},{"ty":"mm","mm":1,"nm":"Merge Paths 1","mn":"ADBE Vector Filter - Merge","hd":false},{"ty":"fl","c":{"a":0,"k":[0.003921568627,0.490196078431,0.670588235294,1],"ix":4},"o":{"a":0,"k":100,"ix":5},"r":1,"bm":0,"nm":"Fill 1","mn":"ADBE Vector Graphic - Fill","hd":false},{"ty":"tr","p":{"a":0,"k":[13.05,18.33],"ix":2},"a":{"a":0,"k":[0,0],"ix":1},"s":{"a":0,"k":[100,100],"ix":3},"r":{"a":0,"k":0,"ix":6},"o":{"a":0,"k":100,"ix":7},"sk":{"a":0,"k":0,"ix":4},"sa":{"a":0,"k":0,"ix":5},"nm":"Transform"}],"nm":"Group 1","np":4,"cix":2,"bm":0,"ix":1,"mn":"ADBE Vector Group","hd":false}],"ip":122,"op":245,"st":0,"bm":0},{"ddd":0,"ind":2,"ty":4,"nm":"Pin 02","sr":1,"ks":{"o":{"a":1,"k":[{"i":{"x":[0.833],"y":[0.833]},"o":{"x":[0.333],"y":[0]},"t":210,"s":[100]},{"t":239,"s":[0]}],"ix":11},"r":{"a":0,"k":0,"ix":10},"p":{"a":0,"k":[107.757,109.913,0],"ix":2},"a":{"a":0,"k":[14.743,41.065,0],"ix":1},"s":{"a":1,"k":[{"i":{"x":[0.667,0.667,0.667],"y":[1,1,1]},"o":{"x":[0.333,0.333,0.333],"y":[0,0,0]},"t":120,"s":[0,0,100]},{"i":{"x":[0.667,0.667,0.667],"y":[1,1,1]},"o":{"x":[0.333,0.333,0.333],"y":[0,0,0]},"t":140,"s":[100,110,100]},{"t":150,"s":[100,100,100]}],"ix":6}},"ao":0,"shapes":[{"ty":"gr","it":[{"ind":0,"ty":"sh","ix":1,"ks":{"a":0,"k":{"i":[[4.859,0],[0,4.86],[-4.86,0],[0,-4.86]],"o":[[-4.86,0],[0,-4.86],[4.859,0],[0,4.86]],"v":[[0,2.821],[-8.799,-5.978],[0,-14.777],[8.798,-5.978]],"c":true},"ix":2},"nm":"Path 1","mn":"ADBE Vector Shape - Group","hd":false},{"ind":1,"ty":"sh","ix":2,"ks":{"a":0,"k":{"i":[[8.004,0],[0,-7.861],[-3.191,-3.652],[-0.493,0.565],[0,9.856]],"o":[[-8.004,0],[0,9.856],[0.493,0.565],[3.191,-3.652],[0,-7.861]],"v":[[0,-20.471],[-14.492,-6.237],[-0.923,19.906],[0.922,19.906],[14.492,-6.237]],"c":true},"ix":2},"nm":"Path 2","mn":"ADBE Vector Shape - Group","hd":false},{"ind":2,"ty":"sh","ix":3,"ks":{"a":0,"k":{"i":[[0.286,0],[0,-0.286],[-0.286,0],[0,0.286]],"o":[[-0.286,0],[0,0.286],[0.286,0],[0,-0.286]],"v":[[0,-1.32],[-0.518,-0.802],[0,-0.285],[0.517,-0.802]],"c":true},"ix":2},"nm":"Path 3","mn":"ADBE Vector Shape - Group","hd":false},{"ind":3,"ty":"sh","ix":4,"ks":{"a":0,"k":{"i":[[-0.018,0],[-0.001,0.018],[0,0],[0.262,0],[-0.016,-0.262],[0,0]],"o":[[0.018,0],[0,0],[0.016,-0.262],[-0.262,0],[0,0],[0.001,0.018]],"v":[[0,-4.425],[0.033,-4.457],[0.454,-11.188],[0,-11.672],[-0.454,-11.188],[-0.033,-4.457]],"c":true},"ix":2},"nm":"Path 4","mn":"ADBE Vector Shape - Group","hd":false},{"ind":4,"ty":"sh","ix":5,"ks":{"a":0,"k":{"i":[[0.858,0],[0,0.857],[-0.857,0],[0,-0.858]],"o":[[-0.857,0],[0,-0.858],[0.858,0],[0,0.857]],"v":[[0,0.751],[-1.553,-0.802],[0,-2.355],[1.553,-0.802]],"c":true},"ix":2},"nm":"Path 5","mn":"ADBE Vector Shape - Group","hd":false},{"ind":5,"ty":"sh","ix":6,"ks":{"a":0,"k":{"i":[[-0.859,0],[0.054,-0.857],[0,0],[0.564,0],[0.035,0.563],[0,0]],"o":[[0.859,0],[0,0],[-0.035,0.563],[-0.564,0],[0,0],[-0.054,-0.857]],"v":[[0,-12.707],[1.486,-11.124],[1.065,-4.392],[0,-3.39],[-1.066,-4.392],[-1.488,-11.124]],"c":true},"ix":2},"nm":"Path 6","mn":"ADBE Vector Shape - Group","hd":false},{"ind":6,"ty":"sh","ix":7,"ks":{"a":0,"k":{"i":[[4.288,0],[0,-4.288],[-4.288,0],[0,4.288]],"o":[[-4.288,0],[0,4.288],[4.288,0],[0,-4.288]],"v":[[0,-13.742],[-7.764,-5.978],[0,1.786],[7.763,-5.978]],"c":true},"ix":2},"nm":"Path 7","mn":"ADBE Vector Shape - Group","hd":false},{"ty":"mm","mm":1,"nm":"Merge Paths 1","mn":"ADBE Vector Filter - Merge","hd":false},{"ty":"fl","c":{"a":0,"k":[0.003921568627,0.490196078431,0.670588235294,1],"ix":4},"o":{"a":0,"k":100,"ix":5},"r":1,"bm":0,"nm":"Fill 1","mn":"ADBE Vector Graphic - Fill","hd":false},{"ty":"tr","p":{"a":0,"k":[14.742,20.721],"ix":2},"a":{"a":0,"k":[0,0],"ix":1},"s":{"a":0,"k":[100,100],"ix":3},"r":{"a":0,"k":0,"ix":6},"o":{"a":0,"k":100,"ix":7},"sk":{"a":0,"k":0,"ix":4},"sa":{"a":0,"k":0,"ix":5},"nm":"Transform"}],"nm":"Group 1","np":9,"cix":2,"bm":0,"ix":1,"mn":"ADBE Vector Group","hd":false}],"ip":120,"op":245,"st":0,"bm":0},{"ddd":0,"ind":3,"ty":4,"nm":"Pin 03","sr":1,"ks":{"o":{"a":1,"k":[{"i":{"x":[0.833],"y":[0.833]},"o":{"x":[0.333],"y":[0]},"t":210,"s":[100]},{"t":239,"s":[0]}],"ix":11},"r":{"a":0,"k":0,"ix":10},"p":{"a":0,"k":[196.811,72.561,0],"ix":2},"a":{"a":0,"k":[8.825,24.486,0],"ix":1},"s":{"a":1,"k":[{"i":{"x":[0.667,0.667,0.667],"y":[1,1,1]},"o":{"x":[0.333,0.333,0.333],"y":[0,0,0]},"t":109,"s":[0,0,100]},{"i":{"x":[0.667,0.667,0.667],"y":[1,1,1]},"o":{"x":[0.333,0.333,0.333],"y":[0,0,0]},"t":124,"s":[100,110,100]},{"t":132,"s":[100,100,100]}],"ix":6}},"ao":0,"shapes":[{"ty":"gr","it":[{"ind":0,"ty":"sh","ix":1,"ks":{"a":0,"k":{"i":[[2.03,0],[0,2.03],[-2.029,0],[0,-2.029]],"o":[[-2.029,0],[0,-2.029],[2.03,0],[0,2.03]],"v":[[0,0.137],[-3.675,-3.538],[0,-7.213],[3.674,-3.538]],"c":true},"ix":2},"nm":"Path 1","mn":"ADBE Vector Shape - Group","hd":false},{"ind":1,"ty":"sh","ix":2,"ks":{"a":0,"k":{"i":[[4.736,0],[0,-4.651],[-1.888,-2.161],[-0.292,0.334],[0,5.831]],"o":[[-4.735,0],[0,5.831],[0.292,0.334],[1.888,-2.161],[0,-4.651]],"v":[[0,-12.112],[-8.575,-3.69],[-0.546,11.777],[0.545,11.777],[8.575,-3.69]],"c":true},"ix":2},"nm":"Path 2","mn":"ADBE Vector Shape - Group","hd":false},{"ty":"mm","mm":1,"nm":"Merge Paths 1","mn":"ADBE Vector Filter - Merge","hd":false},{"ty":"fl","c":{"a":0,"k":[0.003921568627,0.490196078431,0.670588235294,1],"ix":4},"o":{"a":0,"k":100,"ix":5},"r":1,"bm":0,"nm":"Fill 1","mn":"ADBE Vector Graphic - Fill","hd":false},{"ty":"tr","p":{"a":0,"k":[8.824,12.362],"ix":2},"a":{"a":0,"k":[0,0],"ix":1},"s":{"a":0,"k":[100,100],"ix":3},"r":{"a":0,"k":0,"ix":6},"o":{"a":0,"k":100,"ix":7},"sk":{"a":0,"k":0,"ix":4},"sa":{"a":0,"k":0,"ix":5},"nm":"Transform"}],"nm":"Group 1","np":4,"cix":2,"bm":0,"ix":1,"mn":"ADBE Vector Group","hd":false}],"ip":109,"op":245,"st":0,"bm":0},{"ddd":0,"ind":4,"ty":4,"nm":"Pin 04","sr":1,"ks":{"o":{"a":1,"k":[{"i":{"x":[0.833],"y":[0.833]},"o":{"x":[0.333],"y":[0]},"t":210,"s":[100]},{"t":239,"s":[0]}],"ix":11},"r":{"a":0,"k":0,"ix":10},"p":{"a":0,"k":[203.301,172.581,0],"ix":2},"a":{"a":0,"k":[16.444,45.874,0],"ix":1},"s":{"a":1,"k":[{"i":{"x":[0.667,0.667,0.667],"y":[1,1,1]},"o":{"x":[0.333,0.333,0.333],"y":[0,0,0]},"t":114,"s":[0,0,100]},{"i":{"x":[0.667,0.667,0.667],"y":[1,1,1]},"o":{"x":[0.333,0.333,0.333],"y":[0,0,0]},"t":134,"s":[100,110,100]},{"t":144,"s":[100,100,100]}],"ix":6}},"ao":0,"shapes":[{"ty":"gr","it":[{"ind":0,"ty":"sh","ix":1,"ks":{"a":0,"k":{"i":[[1.464,-1.372],[0.021,-0.026],[0,0],[1.951,0],[0,4.152],[-1.19,1.33],[-0.224,-0.087],[0.002,-0.24],[-0.529,-1.227],[-0.851,-0.311],[-0.063,2.162],[-2.477,1.982],[-0.208,-0.13],[0.053,-0.239],[-0.982,-1.048],[-0.579,-0.463],[0,0],[-0.407,-0.454],[0,-1.243]],"o":[[-0.02,0.027],[0,0],[-1.336,1.219],[-4.153,0],[0,-1.925],[0.16,-0.179],[0.224,0.086],[-0.005,0.724],[0.391,0.907],[-0.687,-1.693],[0.076,-2.626],[0.191,-0.153],[0.208,0.129],[-0.409,1.842],[0.503,0.537],[0,0],[0.536,0.428],[1.679,1.877],[0,2.164]],"v":[[5.14,1.41],[5.078,1.489],[5.065,1.479],[0,3.442],[-7.519,-4.077],[-5.604,-9.09],[-4.965,-9.243],[-4.595,-8.7],[-3.939,-5.318],[-2.125,-3.372],[-3.253,-9.357],[0.217,-16.674],[0.884,-16.713],[1.143,-16.097],[2.368,-11.948],[4.031,-10.477],[4.113,-10.411],[5.604,-9.09],[7.518,-4.077]],"c":true},"ix":2},"nm":"Path 1","mn":"ADBE Vector Shape - Group","hd":false},{"ind":1,"ty":"sh","ix":2,"ks":{"a":0,"k":{"i":[[8.943,0],[0,-8.784],[-3.566,-4.08],[-0.551,0.631],[0,11.013]],"o":[[-8.944,0],[0,11.013],[0.552,0.631],[3.566,-4.08],[0,-8.784]],"v":[[0,-22.874],[-16.194,-6.969],[-1.031,22.243],[1.03,22.243],[16.194,-6.969]],"c":true},"ix":2},"nm":"Path 2","mn":"ADBE Vector Shape - Group","hd":false},{"ind":2,"ty":"sh","ix":3,"ks":{"a":0,"k":{"i":[[0.573,0.458],[0,0],[0.567,0.606],[0.078,1.503],[0.056,-1.932],[-0.833,-1.666],[0.105,-0.171],[0.201,0],[0.618,1.435],[0.11,0.696],[0,-1.081],[-1.428,-1.167],[-1.173,1.236],[0.823,2.743],[-0.228,0.136],[-0.187,-0.188],[-0.654,-1.482],[-0.088,-0.592],[0,0.942],[1.426,1.593]],"o":[[0,0],[-0.573,-0.458],[-0.871,-0.929],[-1.358,1.573],[-0.069,2.389],[0.09,0.18],[-0.105,0.17],[-2.06,0],[-0.316,-0.731],[-0.475,0.891],[0,1.987],[2.1,1.038],[1.198,-1.261],[-0.076,-0.254],[0.227,-0.136],[0.805,0.804],[0.24,0.542],[0.368,-0.804],[0,-1.071],[-0.341,-0.381]],"v":[[3.348,-9.541],[3.308,-9.574],[1.524,-11.157],[-0.132,-14.743],[-2.097,-9.323],[-0.64,-2.89],[-0.665,-2.327],[-1.157,-2.053],[-5.001,-4.86],[-5.618,-7.066],[-6.362,-4.077],[-4.023,0.852],[0.809,0.007],[1.759,-6.224],[2.017,-6.887],[2.722,-6.799],[5.271,-3.154],[5.789,-1.436],[6.362,-4.077],[4.742,-8.318]],"c":true},"ix":2},"nm":"Path 3","mn":"ADBE Vector Shape - Group","hd":false},{"ind":3,"ty":"sh","ix":4,"ks":{"a":0,"k":{"i":[[0.351,0.507],[1.156,-1.217],[0.806,-0.285],[-0.174,0],[-1.129,1.023],[0.561,1.27]],"o":[[0.139,2.1],[-0.634,0.667],[0.17,0.014],[1.644,0],[0.614,-0.886],[-0.251,-0.569]],"v":[[3.282,-4.319],[1.648,0.804],[-0.517,2.264],[0,2.285],[4.271,0.638],[4.213,-2.687]],"c":true},"ix":2},"nm":"Path 4","mn":"ADBE Vector Shape - Group","hd":false},{"ty":"mm","mm":1,"nm":"Merge Paths 1","mn":"ADBE Vector Filter - Merge","hd":false},{"ty":"fl","c":{"a":0,"k":[0.003921568627,0.490196078431,0.670588235294,1],"ix":4},"o":{"a":0,"k":100,"ix":5},"r":1,"bm":0,"nm":"Fill 1","mn":"ADBE Vector Graphic - Fill","hd":false},{"ty":"tr","p":{"a":0,"k":[16.444,23.124],"ix":2},"a":{"a":0,"k":[0,0],"ix":1},"s":{"a":0,"k":[100,100],"ix":3},"r":{"a":0,"k":0,"ix":6},"o":{"a":0,"k":100,"ix":7},"sk":{"a":0,"k":0,"ix":4},"sa":{"a":0,"k":0,"ix":5},"nm":"Transform"}],"nm":"Group 1","np":6,"cix":2,"bm":0,"ix":1,"mn":"ADBE Vector Group","hd":false}],"ip":114,"op":245,"st":0,"bm":0},{"ddd":0,"ind":5,"ty":4,"nm":"Pin 05","sr":1,"ks":{"o":{"a":1,"k":[{"i":{"x":[0.833],"y":[0.833]},"o":{"x":[0.333],"y":[0]},"t":210,"s":[100]},{"t":239,"s":[0]}],"ix":11},"r":{"a":0,"k":0,"ix":10},"p":{"a":0,"k":[273.787,130.92,0],"ix":2},"a":{"a":0,"k":[11.225,31.19,0],"ix":1},"s":{"a":1,"k":[{"i":{"x":[0.667,0.667,0.667],"y":[1,1,1]},"o":{"x":[0.333,0.333,0.333],"y":[0,0,0]},"t":116,"s":[0,0,100]},{"i":{"x":[0.667,0.667,0.667],"y":[1,1,1]},"o":{"x":[0.333,0.333,0.333],"y":[0,0,0]},"t":136,"s":[100,110,100]},{"t":146,"s":[100,100,100]}],"ix":6}},"ao":0,"shapes":[{"ty":"gr","it":[{"ind":0,"ty":"sh","ix":1,"ks":{"a":0,"k":{"i":[[0,0],[0,0],[0,0],[0,0]],"o":[[0,0],[0,0],[0,0],[0,0]],"v":[[-5.096,1.352],[5.095,1.352],[5.095,0.568],[-5.096,0.568]],"c":true},"ix":2},"nm":"Path 1","mn":"ADBE Vector Shape - Group","hd":false},{"ind":1,"ty":"sh","ix":2,"ks":{"a":0,"k":{"i":[[0,0],[0,0],[0,0],[0,0]],"o":[[0,0],[0,0],[0,0],[0,0]],"v":[[3.101,-2.568],[-3.101,-2.568],[-4.109,-0.216],[4.109,-0.216]],"c":true},"ix":2},"nm":"Path 2","mn":"ADBE Vector Shape - Group","hd":false},{"ind":2,"ty":"sh","ix":3,"ks":{"a":0,"k":{"i":[[0,0],[0.216,0],[0,0],[0,0.217],[0,0],[-0.216,0],[0,0],[0,0],[-0.157,0],[-0.062,-0.145],[0,0],[0,0],[0,-0.216]],"o":[[0,0.217],[0,0],[-0.216,0],[0,0],[0,-0.216],[0,0],[0,0],[0.061,-0.145],[0.157,0],[0,0],[0,0],[0.216,0],[0,0]],"v":[[5.88,1.744],[5.488,2.136],[-5.488,2.136],[-5.88,1.744],[-5.88,0.176],[-5.488,-0.216],[-4.962,-0.216],[-0.36,-10.953],[0,-11.191],[0.36,-10.953],[4.962,-0.216],[5.488,-0.216],[5.88,0.176]],"c":true},"ix":2},"nm":"Path 3","mn":"ADBE Vector Shape - Group","hd":false},{"ind":3,"ty":"sh","ix":4,"ks":{"a":0,"k":{"i":[[6.061,0],[0,-5.954],[-2.416,-2.766],[-0.373,0.428],[0,7.463]],"o":[[-6.062,0],[0,7.463],[0.374,0.428],[2.417,-2.766],[0,-5.954]],"v":[[0,-15.503],[-10.975,-4.723],[-0.699,15.075],[0.698,15.075],[10.975,-4.723]],"c":true},"ix":2},"nm":"Path 4","mn":"ADBE Vector Shape - Group","hd":false},{"ind":4,"ty":"sh","ix":5,"ks":{"a":0,"k":{"i":[[0,0],[0,0],[0,0],[0,0]],"o":[[0,0],[0,0],[0,0],[0,0]],"v":[[1.757,-5.703],[-1.758,-5.703],[-2.766,-3.352],[2.765,-3.352]],"c":true},"ix":2},"nm":"Path 5","mn":"ADBE Vector Shape - Group","hd":false},{"ind":5,"ty":"sh","ix":6,"ks":{"a":0,"k":{"i":[[0,0],[0,0],[0,0]],"o":[[0,0],[0,0],[0,0]],"v":[[0,-9.804],[-1.422,-6.487],[1.421,-6.487]],"c":true},"ix":2},"nm":"Path 6","mn":"ADBE Vector Shape - Group","hd":false},{"ty":"mm","mm":1,"nm":"Merge Paths 1","mn":"ADBE Vector Filter - Merge","hd":false},{"ty":"fl","c":{"a":0,"k":[0.003921568627,0.490196078431,0.670588235294,1],"ix":4},"o":{"a":0,"k":100,"ix":5},"r":1,"bm":0,"nm":"Fill 1","mn":"ADBE Vector Graphic - Fill","hd":false},{"ty":"tr","p":{"a":0,"k":[11.225,15.753],"ix":2},"a":{"a":0,"k":[0,0],"ix":1},"s":{"a":0,"k":[100,100],"ix":3},"r":{"a":0,"k":0,"ix":6},"o":{"a":0,"k":100,"ix":7},"sk":{"a":0,"k":0,"ix":4},"sa":{"a":0,"k":0,"ix":5},"nm":"Transform"}],"nm":"Group 1","np":8,"cix":2,"bm":0,"ix":1,"mn":"ADBE Vector Group","hd":false}],"ip":116,"op":245,"st":0,"bm":0},{"ddd":0,"ind":6,"ty":4,"nm":"Pin 06","sr":1,"ks":{"o":{"a":1,"k":[{"i":{"x":[0.833],"y":[0.833]},"o":{"x":[0.333],"y":[0]},"t":210,"s":[100]},{"t":239,"s":[0]}],"ix":11},"r":{"a":0,"k":0,"ix":10},"p":{"a":0,"k":[290.419,231.819,0],"ix":2},"a":{"a":0,"k":[12.818,35.752,0],"ix":1},"s":{"a":1,"k":[{"i":{"x":[0.667,0.667,0.667],"y":[1,1,1]},"o":{"x":[0.333,0.333,0.333],"y":[0,0,0]},"t":122,"s":[0,0,100]},{"i":{"x":[0.667,0.667,0.667],"y":[1,1,1]},"o":{"x":[0.333,0.333,0.333],"y":[0,0,0]},"t":142,"s":[100,110,100]},{"t":152,"s":[100,100,100]}],"ix":6}},"ao":0,"shapes":[{"ty":"gr","it":[{"ind":0,"ty":"sh","ix":1,"ks":{"a":0,"k":{"i":[[4.214,0],[0,4.214],[-4.214,0],[0,-4.215]],"o":[[-4.214,0],[0,-4.215],[4.214,0],[0,4.214]],"v":[[0,2.446],[-7.63,-5.184],[0,-12.815],[7.63,-5.184]],"c":true},"ix":2},"nm":"Path 1","mn":"ADBE Vector Shape - Group","hd":false},{"ind":1,"ty":"sh","ix":2,"ks":{"a":0,"k":{"i":[[6.941,0],[0,-6.817],[-2.767,-3.167],[-0.428,0.49],[0,8.547]],"o":[[-6.941,0],[0,8.547],[0.428,0.49],[2.767,-3.167],[0,-6.817]],"v":[[0,-17.752],[-12.568,-5.409],[-0.8,17.262],[0.8,17.262],[12.568,-5.409]],"c":true},"ix":2},"nm":"Path 2","mn":"ADBE Vector Shape - Group","hd":false},{"ind":2,"ty":"sh","ix":3,"ks":{"a":0,"k":{"i":[[0.248,0],[0,-0.248],[-0.248,0],[0,0.248]],"o":[[-0.248,0],[0,0.248],[0.248,0],[0,-0.248]],"v":[[0,-1.145],[-0.449,-0.696],[0,-0.247],[0.449,-0.696]],"c":true},"ix":2},"nm":"Path 3","mn":"ADBE Vector Shape - Group","hd":false},{"ind":3,"ty":"sh","ix":4,"ks":{"a":0,"k":{"i":[[-0.015,0],[-0.001,0.015],[0,0],[0.228,0],[-0.014,-0.227],[0,0]],"o":[[0.015,0],[0,0],[0.014,-0.227],[-0.228,0],[0,0],[0.001,0.015]],"v":[[0,-3.838],[0.029,-3.865],[0.394,-9.703],[0,-10.122],[-0.394,-9.703],[-0.029,-3.865]],"c":true},"ix":2},"nm":"Path 4","mn":"ADBE Vector Shape - Group","hd":false},{"ind":4,"ty":"sh","ix":5,"ks":{"a":0,"k":{"i":[[0.744,0],[0,0.744],[-0.744,0],[0,-0.744]],"o":[[-0.744,0],[0,-0.744],[0.744,0],[0,0.744]],"v":[[0,0.651],[-1.347,-0.696],[0,-2.043],[1.347,-0.696]],"c":true},"ix":2},"nm":"Path 5","mn":"ADBE Vector Shape - Group","hd":false},{"ind":5,"ty":"sh","ix":6,"ks":{"a":0,"k":{"i":[[-0.745,0],[0.046,-0.744],[0,0],[0.489,0],[0.031,0.488],[0,0]],"o":[[0.745,0],[0,0],[-0.031,0.488],[-0.489,0],[0,0],[-0.046,-0.744]],"v":[[0,-11.019],[1.29,-9.647],[0.925,-3.809],[0,-2.94],[-0.925,-3.809],[-1.29,-9.647]],"c":true},"ix":2},"nm":"Path 6","mn":"ADBE Vector Shape - Group","hd":false},{"ind":6,"ty":"sh","ix":7,"ks":{"a":0,"k":{"i":[[3.718,0],[0,-3.719],[-3.718,0],[0,3.718]],"o":[[-3.718,0],[0,3.718],[3.718,0],[0,-3.719]],"v":[[0,-11.917],[-6.733,-5.184],[0,1.548],[6.733,-5.184]],"c":true},"ix":2},"nm":"Path 7","mn":"ADBE Vector Shape - Group","hd":false},{"ty":"mm","mm":1,"nm":"Merge Paths 1","mn":"ADBE Vector Filter - Merge","hd":false},{"ty":"fl","c":{"a":0,"k":[0.003921568627,0.490196078431,0.670588235294,1],"ix":4},"o":{"a":0,"k":100,"ix":5},"r":1,"bm":0,"nm":"Fill 1","mn":"ADBE Vector Graphic - Fill","hd":false},{"ty":"tr","p":{"a":0,"k":[12.818,18.002],"ix":2},"a":{"a":0,"k":[0,0],"ix":1},"s":{"a":0,"k":[100,100],"ix":3},"r":{"a":0,"k":0,"ix":6},"o":{"a":0,"k":100,"ix":7},"sk":{"a":0,"k":0,"ix":4},"sa":{"a":0,"k":0,"ix":5},"nm":"Transform"}],"nm":"Group 1","np":9,"cix":2,"bm":0,"ix":1,"mn":"ADBE Vector Group","hd":false}],"ip":122,"op":245,"st":0,"bm":0},{"ddd":0,"ind":7,"ty":4,"nm":"Pin 07","sr":1,"ks":{"o":{"a":1,"k":[{"i":{"x":[0.833],"y":[0.833]},"o":{"x":[0.333],"y":[0]},"t":210,"s":[100]},{"t":239,"s":[0]}],"ix":11},"r":{"a":0,"k":0,"ix":10},"p":{"a":0,"k":[228.593,274.825,0],"ix":2},"a":{"a":0,"k":[9.348,25.913,0],"ix":1},"s":{"a":1,"k":[{"i":{"x":[0.667,0.667,0.667],"y":[1,1,1]},"o":{"x":[0.333,0.333,0.333],"y":[0,0,0]},"t":112,"s":[0,0,100]},{"i":{"x":[0.667,0.667,0.667],"y":[1,1,1]},"o":{"x":[0.333,0.333,0.333],"y":[0,0,0]},"t":142,"s":[100,110,100]},{"t":157,"s":[100,100,100]}],"ix":6}},"ao":0,"shapes":[{"ty":"gr","it":[{"ind":0,"ty":"sh","ix":1,"ks":{"a":0,"k":{"i":[[0.822,-0.771],[0.012,-0.015],[0,0],[1.096,0],[0,2.333],[-0.669,0.747],[-0.126,-0.049],[0.001,-0.135],[-0.297,-0.689],[-0.478,-0.174],[-0.035,1.215],[-1.392,1.113],[-0.117,-0.073],[0.03,-0.134],[-0.552,-0.589],[-0.325,-0.26],[0,0],[-0.229,-0.255],[0,-0.698]],"o":[[-0.011,0.015],[0,0],[-0.751,0.685],[-2.333,0],[0,-1.081],[0.09,-0.101],[0.126,0.048],[-0.003,0.407],[0.22,0.51],[-0.385,-0.951],[0.042,-1.476],[0.108,-0.086],[0.117,0.073],[-0.23,1.035],[0.282,0.302],[0,0],[0.301,0.24],[0.943,1.055],[0,1.216]],"v":[[2.888,0.792],[2.853,0.837],[2.846,0.831],[0,1.933],[-4.224,-2.291],[-3.148,-5.107],[-2.789,-5.193],[-2.581,-4.888],[-2.213,-2.988],[-1.194,-1.895],[-1.827,-5.257],[0.122,-9.368],[0.497,-9.39],[0.642,-9.044],[1.331,-6.713],[2.265,-5.886],[2.311,-5.849],[3.149,-5.107],[4.224,-2.291]],"c":true},"ix":2},"nm":"Path 1","mn":"ADBE Vector Shape - Group","hd":false},{"ind":1,"ty":"sh","ix":2,"ks":{"a":0,"k":{"i":[[5.025,0],[0,-4.935],[-2.003,-2.292],[-0.31,0.355],[0,6.187]],"o":[[-5.024,0],[0,6.187],[0.31,0.355],[2.003,-2.292],[0,-4.935]],"v":[[0,-12.851],[-9.098,-3.915],[-0.579,12.496],[0.579,12.496],[9.098,-3.915]],"c":true},"ix":2},"nm":"Path 2","mn":"ADBE Vector Shape - Group","hd":false},{"ind":2,"ty":"sh","ix":3,"ks":{"a":0,"k":{"i":[[0.321,0.258],[0,0],[0.318,0.34],[0.044,0.845],[0.032,-1.085],[-0.468,-0.936],[0.059,-0.096],[0.113,0],[0.348,0.807],[0.062,0.391],[0,-0.607],[-0.802,-0.655],[-0.659,0.694],[0.462,1.541],[-0.128,0.076],[-0.106,-0.105],[-0.368,-0.833],[-0.05,-0.332],[0,0.53],[0.802,0.895]],"o":[[0,0],[-0.322,-0.257],[-0.49,-0.522],[-0.763,0.884],[-0.039,1.342],[0.05,0.101],[-0.059,0.095],[-1.157,0],[-0.177,-0.41],[-0.267,0.501],[0,1.117],[1.18,0.584],[0.673,-0.709],[-0.043,-0.143],[0.128,-0.077],[0.452,0.452],[0.134,0.305],[0.206,-0.452],[0,-0.601],[-0.191,-0.214]],"v":[[1.882,-5.361],[1.859,-5.379],[0.857,-6.268],[-0.074,-8.283],[-1.178,-5.238],[-0.359,-1.624],[-0.373,-1.307],[-0.65,-1.153],[-2.81,-2.731],[-3.156,-3.97],[-3.574,-2.291],[-2.26,0.478],[0.455,0.004],[0.989,-3.497],[1.133,-3.869],[1.53,-3.82],[2.962,-1.772],[3.253,-0.807],[3.574,-2.291],[2.664,-4.673]],"c":true},"ix":2},"nm":"Path 3","mn":"ADBE Vector Shape - Group","hd":false},{"ind":3,"ty":"sh","ix":4,"ks":{"a":0,"k":{"i":[[0.198,0.285],[0.65,-0.683],[0.452,-0.161],[-0.098,0],[-0.634,0.575],[0.315,0.714]],"o":[[0.078,1.18],[-0.356,0.375],[0.096,0.008],[0.924,0],[0.345,-0.497],[-0.141,-0.319]],"v":[[1.844,-2.427],[0.926,0.451],[-0.29,1.272],[0,1.284],[2.4,0.358],[2.367,-1.51]],"c":true},"ix":2},"nm":"Path 4","mn":"ADBE Vector Shape - Group","hd":false},{"ty":"mm","mm":1,"nm":"Merge Paths 1","mn":"ADBE Vector Filter - Merge","hd":false},{"ty":"fl","c":{"a":0,"k":[0.003921568627,0.490196078431,0.670588235294,1],"ix":4},"o":{"a":0,"k":100,"ix":5},"r":1,"bm":0,"nm":"Fill 1","mn":"ADBE Vector Graphic - Fill","hd":false},{"ty":"tr","p":{"a":0,"k":[9.348,13.101],"ix":2},"a":{"a":0,"k":[0,0],"ix":1},"s":{"a":0,"k":[100,100],"ix":3},"r":{"a":0,"k":0,"ix":6},"o":{"a":0,"k":100,"ix":7},"sk":{"a":0,"k":0,"ix":4},"sa":{"a":0,"k":0,"ix":5},"nm":"Transform"}],"nm":"Group 1","np":6,"cix":2,"bm":0,"ix":1,"mn":"ADBE Vector Group","hd":false}],"ip":112,"op":245,"st":0,"bm":0},{"ddd":0,"ind":8,"ty":4,"nm":"Pin 08","sr":1,"ks":{"o":{"a":1,"k":[{"i":{"x":[0.833],"y":[0.833]},"o":{"x":[0.333],"y":[0]},"t":210,"s":[100]},{"t":239,"s":[0]}],"ix":11},"r":{"a":0,"k":0,"ix":10},"p":{"a":0,"k":[121.521,239.828,0],"ix":2},"a":{"a":0,"k":[12.979,36.105,0],"ix":1},"s":{"a":1,"k":[{"i":{"x":[0.667,0.667,0.667],"y":[1,1,1]},"o":{"x":[0.333,0.333,0.333],"y":[0,0,0]},"t":118,"s":[0,0,100]},{"i":{"x":[0.667,0.667,0.667],"y":[1,1,1]},"o":{"x":[0.333,0.333,0.333],"y":[0,0,0]},"t":150,"s":[100,110,100]},{"t":164,"s":[100,100,100]}],"ix":6}},"ao":0,"shapes":[{"ty":"gr","it":[{"ind":0,"ty":"sh","ix":1,"ks":{"a":0,"k":{"i":[[0,0],[0,0],[0,0],[0,0]],"o":[[0,0],[0,0],[0,0],[0,0]],"v":[[-5.91,1.568],[5.91,1.568],[5.91,0.659],[-5.91,0.659]],"c":true},"ix":2},"nm":"Path 1","mn":"ADBE Vector Shape - Group","hd":false},{"ind":1,"ty":"sh","ix":2,"ks":{"a":0,"k":{"i":[[0,0],[0,0],[0,0],[0,0]],"o":[[0,0],[0,0],[0,0],[0,0]],"v":[[3.597,-2.978],[-3.597,-2.978],[-4.766,-0.25],[4.766,-0.25]],"c":true},"ix":2},"nm":"Path 2","mn":"ADBE Vector Shape - Group","hd":false},{"ind":2,"ty":"sh","ix":3,"ks":{"a":0,"k":{"i":[[0,0],[0.251,0],[0,0],[0,0.252],[0,0],[-0.251,0],[0,0],[0,0],[-0.182,0],[-0.072,-0.167],[0,0],[0,0],[0,-0.251]],"o":[[0,0.252],[0,0],[-0.251,0],[0,0],[0,-0.251],[0,0],[0,0],[0.072,-0.167],[0.182,0],[0,0],[0,0],[0.251,0],[0,0]],"v":[[6.819,2.022],[6.365,2.478],[-6.365,2.478],[-6.819,2.022],[-6.819,0.204],[-6.365,-0.25],[-5.755,-0.25],[-0.418,-12.704],[0,-12.979],[0.418,-12.704],[5.755,-0.25],[6.365,-0.25],[6.819,0.204]],"c":true},"ix":2},"nm":"Path 3","mn":"ADBE Vector Shape - Group","hd":false},{"ind":3,"ty":"sh","ix":4,"ks":{"a":0,"k":{"i":[[7.03,0],[0,-6.905],[-2.803,-3.208],[-0.433,0.496],[0,8.657]],"o":[[-7.03,0],[0,8.657],[0.433,0.496],[2.803,-3.208],[0,-6.905]],"v":[[0,-17.98],[-12.729,-5.479],[-0.81,17.484],[0.81,17.484],[12.729,-5.479]],"c":true},"ix":2},"nm":"Path 4","mn":"ADBE Vector Shape - Group","hd":false},{"ind":4,"ty":"sh","ix":5,"ks":{"a":0,"k":{"i":[[0,0],[0,0],[0,0],[0,0]],"o":[[0,0],[0,0],[0,0],[0,0]],"v":[[2.038,-6.615],[-2.038,-6.615],[-3.207,-3.887],[3.207,-3.887]],"c":true},"ix":2},"nm":"Path 5","mn":"ADBE Vector Shape - Group","hd":false},{"ind":5,"ty":"sh","ix":6,"ks":{"a":0,"k":{"i":[[0,0],[0,0],[0,0]],"o":[[0,0],[0,0],[0,0]],"v":[[0,-11.37],[-1.649,-7.525],[1.649,-7.525]],"c":true},"ix":2},"nm":"Path 6","mn":"ADBE Vector Shape - Group","hd":false},{"ty":"mm","mm":1,"nm":"Merge Paths 1","mn":"ADBE Vector Filter - Merge","hd":false},{"ty":"fl","c":{"a":0,"k":[0.003921568627,0.490196078431,0.670588235294,1],"ix":4},"o":{"a":0,"k":100,"ix":5},"r":1,"bm":0,"nm":"Fill 1","mn":"ADBE Vector Graphic - Fill","hd":false},{"ty":"tr","p":{"a":0,"k":[12.979,18.23],"ix":2},"a":{"a":0,"k":[0,0],"ix":1},"s":{"a":0,"k":[100,100],"ix":3},"r":{"a":0,"k":0,"ix":6},"o":{"a":0,"k":100,"ix":7},"sk":{"a":0,"k":0,"ix":4},"sa":{"a":0,"k":0,"ix":5},"nm":"Transform"}],"nm":"Group 1","np":8,"cix":2,"bm":0,"ix":1,"mn":"ADBE Vector Group","hd":false}],"ip":118,"op":245,"st":0,"bm":0},{"ddd":0,"ind":9,"ty":4,"nm":"Line 01","sr":1,"ks":{"o":{"a":1,"k":[{"i":{"x":[0.833],"y":[0.833]},"o":{"x":[0.333],"y":[0]},"t":210,"s":[100]},{"t":239,"s":[0]}],"ix":11},"r":{"a":0,"k":0,"ix":10},"p":{"a":0,"k":[100.015,169.755,0],"ix":2},"a":{"a":0,"k":[92.502,35.396,0],"ix":1},"s":{"a":0,"k":[100,100,100],"ix":6}},"ao":0,"shapes":[{"ty":"gr","it":[{"ind":0,"ty":"sh","ix":1,"ks":{"a":1,"k":[{"i":{"x":0.833,"y":0.833},"o":{"x":0.333,"y":0},"t":0,"s":[{"i":[[0,0],[0,0],[0,0],[0,0],[0,0]],"o":[[0,0],[0,0],[0,0],[0,0],[0,0]],"v":[[75.008,2.664],[75.041,2.65],[74.996,2.609],[74.966,2.604],[75.001,2.792]],"c":false}]},{"i":{"x":0.833,"y":0.833},"o":{"x":0.333,"y":0},"t":15,"s":[{"i":[[0,0],[0,0],[0,0],[0,0],[0,0]],"o":[[0,0],[0,0],[0,0],[0,0],[0,0]],"v":[[75.043,-17.836],[75.076,-17.85],[75.031,-17.891],[75.001,-17.896],[75.001,2.792]],"c":false}]},{"i":{"x":0.833,"y":0.833},"o":{"x":0.333,"y":0},"t":40,"s":[{"i":[[0,0],[0,0],[0,0],[0,0],[0,0]],"o":[[0,0],[0,0],[0,0],[0,0],[0,0]],"v":[[21.168,-17.84],[21.201,-17.854],[21.156,-17.896],[75.001,-17.896],[75.001,2.792]],"c":false}]},{"i":{"x":0.833,"y":0.833},"o":{"x":0.333,"y":0},"t":70,"s":[{"i":[[0,0],[0,0],[0,0],[0,0],[0,0]],"o":[[0,0],[0,0],[0,0],[0,0],[0,0]],"v":[[21.124,17.91],[21.156,17.896],[21.156,-17.896],[75.001,-17.896],[75.001,2.792]],"c":false}]},{"t":120,"s":[{"i":[[0,0],[0,0],[0,0],[0,0],[0,0]],"o":[[0,0],[0,0],[0,0],[0,0],[0,0]],"v":[[-48.501,17.9],[21.156,17.896],[21.156,-17.896],[75.001,-17.896],[75.001,2.792]],"c":false}]}],"ix":2},"nm":"Path 1","mn":"ADBE Vector Shape - Group","hd":false},{"ty":"st","c":{"a":0,"k":[0.850980392157,0.921568627451,0.949019607843,1],"ix":3},"o":{"a":0,"k":100,"ix":4},"w":{"a":0,"k":7,"ix":5},"lc":2,"lj":2,"bm":0,"nm":"Stroke 1","mn":"ADBE Vector Graphic - Stroke","hd":false},{"ty":"tr","p":{"a":0,"k":[92.501,35.396],"ix":2},"a":{"a":0,"k":[0,0],"ix":1},"s":{"a":0,"k":[100,100],"ix":3},"r":{"a":0,"k":0,"ix":6},"o":{"a":0,"k":100,"ix":7},"sk":{"a":0,"k":0,"ix":4},"sa":{"a":0,"k":0,"ix":5},"nm":"Transform"}],"nm":"Group 1","np":2,"cix":2,"bm":0,"ix":1,"mn":"ADBE Vector Group","hd":false}],"ip":0,"op":245,"st":0,"bm":0},{"ddd":0,"ind":10,"ty":4,"nm":"Line 02","sr":1,"ks":{"o":{"a":1,"k":[{"i":{"x":[0.833],"y":[0.833]},"o":{"x":[0.333],"y":[0]},"t":210,"s":[100]},{"t":239,"s":[0]}],"ix":11},"r":{"a":0,"k":0,"ix":10},"p":{"a":0,"k":[107.913,130.879,0],"ix":2},"a":{"a":0,"k":[60.479,38.48,0],"ix":1},"s":{"a":0,"k":[100,100,100],"ix":6}},"ao":0,"shapes":[{"ty":"gr","it":[{"ind":0,"ty":"sh","ix":1,"ks":{"a":1,"k":[{"i":{"x":0.833,"y":0.833},"o":{"x":0.333,"y":0},"t":31,"s":[{"i":[[0,0],[0,0],[0,0]],"o":[[0,0],[0,0],[0,0]],"v":[[42.98,20.98],[42.892,20.77],[42.933,20.814]],"c":false}]},{"i":{"x":0.833,"y":0.833},"o":{"x":0.333,"y":0},"t":60,"s":[{"i":[[0,0],[0,0],[0,0]],"o":[[0,0],[0,0],[0,0]],"v":[[42.98,20.98],[42.98,-20.98],[43.02,-20.936]],"c":false}]},{"t":110,"s":[{"i":[[0,0],[0,0],[0,0]],"o":[[0,0],[0,0],[0,0]],"v":[[42.98,20.98],[42.98,-20.98],[-42.98,-20.98]],"c":false}]}],"ix":2},"nm":"Path 1","mn":"ADBE Vector Shape - Group","hd":false},{"ty":"st","c":{"a":0,"k":[0.850980392157,0.921568627451,0.949019607843,1],"ix":3},"o":{"a":0,"k":100,"ix":4},"w":{"a":0,"k":7,"ix":5},"lc":2,"lj":2,"bm":0,"nm":"Stroke 1","mn":"ADBE Vector Graphic - Stroke","hd":false},{"ty":"tr","p":{"a":0,"k":[60.479,38.48],"ix":2},"a":{"a":0,"k":[0,0],"ix":1},"s":{"a":0,"k":[100,100],"ix":3},"r":{"a":0,"k":0,"ix":6},"o":{"a":0,"k":100,"ix":7},"sk":{"a":0,"k":0,"ix":4},"sa":{"a":0,"k":0,"ix":5},"nm":"Transform"}],"nm":"Group 1","np":2,"cix":2,"bm":0,"ix":1,"mn":"ADBE Vector Group","hd":false}],"ip":31,"op":245,"st":0,"bm":0},{"ddd":0,"ind":11,"ty":4,"nm":"Line 03","sr":1,"ks":{"o":{"a":1,"k":[{"i":{"x":[0.833],"y":[0.833]},"o":{"x":[0.333],"y":[0]},"t":210,"s":[100]},{"t":239,"s":[0]}],"ix":11},"r":{"a":0,"k":0,"ix":10},"p":{"a":0,"k":[175.017,101.862,0],"ix":2},"a":{"a":0,"k":[3.5,53.497,0],"ix":1},"s":{"a":0,"k":[100,100,100],"ix":6}},"ao":0,"shapes":[{"ty":"gr","it":[{"ind":0,"ty":"sh","ix":1,"ks":{"a":1,"k":[{"i":{"x":0.833,"y":0.833},"o":{"x":0.333,"y":0},"t":20,"s":[{"i":[[0,0],[0,0]],"o":[[0,0],[0,0]],"v":[[3.5,103.494],[3.517,103.5]],"c":false}]},{"t":90,"s":[{"i":[[0,0],[0,0]],"o":[[0,0],[0,0]],"v":[[3.5,103.494],[3.5,3.5]],"c":false}]}],"ix":2},"nm":"Path 1","mn":"ADBE Vector Shape - Group","hd":false},{"ty":"st","c":{"a":0,"k":[0.850980392157,0.921568627451,0.949019607843,1],"ix":3},"o":{"a":0,"k":100,"ix":4},"w":{"a":0,"k":7,"ix":5},"lc":2,"lj":2,"bm":0,"nm":"Stroke 1","mn":"ADBE Vector Graphic - Stroke","hd":false},{"ty":"tr","p":{"a":0,"k":[0,0],"ix":2},"a":{"a":0,"k":[0,0],"ix":1},"s":{"a":0,"k":[100,100],"ix":3},"r":{"a":0,"k":0,"ix":6},"o":{"a":0,"k":100,"ix":7},"sk":{"a":0,"k":0,"ix":4},"sa":{"a":0,"k":0,"ix":5},"nm":"Transform"}],"nm":"Group 1","np":2,"cix":2,"bm":0,"ix":1,"mn":"ADBE Vector Group","hd":false}],"ip":20,"op":245,"st":0,"bm":0},{"ddd":0,"ind":12,"ty":4,"nm":"Line 04","sr":1,"ks":{"o":{"a":1,"k":[{"i":{"x":[0.833],"y":[0.833]},"o":{"x":[0.333],"y":[0]},"t":210,"s":[100]},{"t":239,"s":[0]}],"ix":11},"r":{"a":0,"k":0,"ix":10},"p":{"a":0,"k":[189.566,72.464,0],"ix":2},"a":{"a":0,"k":[18.049,3.5,0],"ix":1},"s":{"a":0,"k":[100,100,100],"ix":6}},"ao":0,"shapes":[{"ty":"gr","it":[{"ind":0,"ty":"sh","ix":1,"ks":{"a":1,"k":[{"i":{"x":0.833,"y":0.833},"o":{"x":0.333,"y":0},"t":78,"s":[{"i":[[0,0],[0,0]],"o":[[0,0],[0,0]],"v":[[3.5,3.5],[3.598,3.464]],"c":false}]},{"t":110,"s":[{"i":[[0,0],[0,0]],"o":[[0,0],[0,0]],"v":[[3.5,3.5],[32.598,3.5]],"c":false}]}],"ix":2},"nm":"Path 1","mn":"ADBE Vector Shape - Group","hd":false},{"ty":"st","c":{"a":0,"k":[0.850980392157,0.921568627451,0.949019607843,1],"ix":3},"o":{"a":0,"k":100,"ix":4},"w":{"a":0,"k":7,"ix":5},"lc":2,"lj":2,"bm":0,"nm":"Stroke 1","mn":"ADBE Vector Graphic - Stroke","hd":false},{"ty":"tr","p":{"a":0,"k":[0,0],"ix":2},"a":{"a":0,"k":[0,0],"ix":1},"s":{"a":0,"k":[100,100],"ix":3},"r":{"a":0,"k":0,"ix":6},"o":{"a":0,"k":100,"ix":7},"sk":{"a":0,"k":0,"ix":4},"sa":{"a":0,"k":0,"ix":5},"nm":"Transform"}],"nm":"Group 1","np":2,"cix":2,"bm":0,"ix":1,"mn":"ADBE Vector Group","hd":false}],"ip":78,"op":245,"st":0,"bm":0},{"ddd":0,"ind":13,"ty":4,"nm":"Line 05","sr":1,"ks":{"o":{"a":1,"k":[{"i":{"x":[0.833],"y":[0.833]},"o":{"x":[0.333],"y":[0]},"t":210,"s":[100]},{"t":239,"s":[0]}],"ix":11},"r":{"a":0,"k":0,"ix":10},"p":{"a":0,"k":[233.907,202.122,0],"ix":2},"a":{"a":0,"k":[76.39,47.076,0],"ix":1},"s":{"a":0,"k":[100,100,100],"ix":6}},"ao":0,"shapes":[{"ty":"gr","it":[{"ind":0,"ty":"sh","ix":1,"ks":{"a":1,"k":[{"i":{"x":0.833,"y":0.833},"o":{"x":0.333,"y":0},"t":0,"s":[{"i":[[0,0],[0,0],[0,0],[0,0]],"o":[[0,0],[0,0],[0,0],[0,0]],"v":[[-58.89,-29.576],[-59.002,-29.581],[-59.094,-29.68],[-58.952,-29.557]],"c":false}]},{"i":{"x":0.833,"y":0.833},"o":{"x":0.333,"y":0},"t":50,"s":[{"i":[[0,0],[0,0],[0,0],[0,0]],"o":[[0,0],[0,0],[0,0],[0,0]],"v":[[-58.89,-29.576],[33.248,-29.576],[33.156,-29.674],[33.298,-29.552]],"c":false}]},{"i":{"x":0.833,"y":0.833},"o":{"x":0.333,"y":0},"t":90,"s":[{"i":[[0,0],[0,0],[0,0],[0,0]],"o":[[0,0],[0,0],[0,0],[0,0]],"v":[[-58.89,-29.576],[33.248,-29.576],[33.248,29.576],[33.39,29.698]],"c":false}]},{"t":110,"s":[{"i":[[0,0],[0,0],[0,0],[0,0]],"o":[[0,0],[0,0],[0,0],[0,0]],"v":[[-58.89,-29.576],[33.248,-29.576],[33.248,29.576],[58.89,29.576]],"c":false}]}],"ix":2},"nm":"Path 1","mn":"ADBE Vector Shape - Group","hd":false},{"ty":"st","c":{"a":0,"k":[0.850980392157,0.921568627451,0.949019607843,1],"ix":3},"o":{"a":0,"k":100,"ix":4},"w":{"a":0,"k":7,"ix":5},"lc":2,"lj":2,"bm":0,"nm":"Stroke 1","mn":"ADBE Vector Graphic - Stroke","hd":false},{"ty":"tr","p":{"a":0,"k":[76.39,47.076],"ix":2},"a":{"a":0,"k":[0,0],"ix":1},"s":{"a":0,"k":[100,100],"ix":3},"r":{"a":0,"k":0,"ix":6},"o":{"a":0,"k":100,"ix":7},"sk":{"a":0,"k":0,"ix":4},"sa":{"a":0,"k":0,"ix":5},"nm":"Transform"}],"nm":"Group 1","np":2,"cix":2,"bm":0,"ix":1,"mn":"ADBE Vector Group","hd":false}],"ip":0,"op":245,"st":0,"bm":0},{"ddd":0,"ind":14,"ty":4,"nm":"Line 06","sr":1,"ks":{"o":{"a":1,"k":[{"i":{"x":[0.833],"y":[0.833]},"o":{"x":[0.333],"y":[0]},"t":210,"s":[100]},{"t":239,"s":[0]}],"ix":11},"r":{"a":0,"k":0,"ix":10},"p":{"a":0,"k":[268.321,151.713,0],"ix":2},"a":{"a":0,"k":[47.804,38.334,0],"ix":1},"s":{"a":0,"k":[100,100,100],"ix":6}},"ao":0,"shapes":[{"ty":"gr","it":[{"ind":0,"ty":"sh","ix":1,"ks":{"a":1,"k":[{"i":{"x":0.833,"y":0.833},"o":{"x":0.333,"y":0},"t":38,"s":[{"i":[[0,0],[0,0],[0,0]],"o":[[0,0],[0,0],[0,0]],"v":[[-30.304,20.834],[-30.341,20.666],[-30.483,20.711]],"c":false}]},{"i":{"x":0.833,"y":0.833},"o":{"x":0.333,"y":0},"t":70,"s":[{"i":[[0,0],[0,0],[0,0]],"o":[[0,0],[0,0],[0,0]],"v":[[-30.304,20.834],[-30.304,-20.834],[-30.446,-20.789]],"c":false}]},{"t":100,"s":[{"i":[[0,0],[0,0],[0,0]],"o":[[0,0],[0,0],[0,0]],"v":[[-30.304,20.834],[-30.304,-20.834],[30.304,-20.834]],"c":false}]}],"ix":2},"nm":"Path 1","mn":"ADBE Vector Shape - Group","hd":false},{"ty":"st","c":{"a":0,"k":[0.850980392157,0.921568627451,0.949019607843,1],"ix":3},"o":{"a":0,"k":100,"ix":4},"w":{"a":0,"k":7,"ix":5},"lc":2,"lj":2,"bm":0,"nm":"Stroke 1","mn":"ADBE Vector Graphic - Stroke","hd":false},{"ty":"tr","p":{"a":0,"k":[47.804,38.334],"ix":2},"a":{"a":0,"k":[0,0],"ix":1},"s":{"a":0,"k":[100,100],"ix":3},"r":{"a":0,"k":0,"ix":6},"o":{"a":0,"k":100,"ix":7},"sk":{"a":0,"k":0,"ix":4},"sa":{"a":0,"k":0,"ix":5},"nm":"Transform"}],"nm":"Group 1","np":2,"cix":2,"bm":0,"ix":1,"mn":"ADBE Vector Group","hd":false}],"ip":38,"op":245,"st":0,"bm":0},{"ddd":0,"ind":15,"ty":4,"nm":"Line 07","sr":1,"ks":{"o":{"a":1,"k":[{"i":{"x":[0.833],"y":[0.833]},"o":{"x":[0.333],"y":[0]},"t":210,"s":[100]},{"t":239,"s":[0]}],"ix":11},"r":{"a":0,"k":0,"ix":10},"p":{"a":0,"k":[136.875,232.111,0],"ix":2},"a":{"a":0,"k":[55.642,77.064,0],"ix":1},"s":{"a":0,"k":[100,100,100],"ix":6}},"ao":0,"shapes":[{"ty":"gr","it":[{"ind":0,"ty":"sh","ix":1,"ks":{"a":1,"k":[{"i":{"x":0.833,"y":0.833},"o":{"x":0.333,"y":0},"t":0,"s":[{"i":[[0,0],[0,0],[0,0],[0,0]],"o":[[0,0],[0,0],[0,0],[0,0]],"v":[[38.142,-59.565],[38.017,-59.552],[37.984,-59.558],[38.076,-59.691]],"c":false}]},{"i":{"x":0.833,"y":0.833},"o":{"x":0.333,"y":0},"t":40,"s":[{"i":[[0,0],[0,0],[0,0],[0,0]],"o":[[0,0],[0,0],[0,0],[0,0]],"v":[[38.142,-59.565],[38.142,7.698],[38.109,7.692],[38.201,7.559]],"c":false}]},{"i":{"x":0.833,"y":0.833},"o":{"x":0.333,"y":0},"t":80,"s":[{"i":[[0,0],[0,0],[0,0],[0,0]],"o":[[0,0],[0,0],[0,0],[0,0]],"v":[[38.142,-59.565],[38.142,7.698],[-38.142,7.698],[-38.049,7.565]],"c":false}]},{"t":110,"s":[{"i":[[0,0],[0,0],[0,0],[0,0]],"o":[[0,0],[0,0],[0,0],[0,0]],"v":[[38.142,-59.565],[38.142,7.698],[-38.142,7.698],[-38.142,59.565]],"c":false}]}],"ix":2},"nm":"Path 1","mn":"ADBE Vector Shape - Group","hd":false},{"ty":"st","c":{"a":0,"k":[0.850980392157,0.921568627451,0.949019607843,1],"ix":3},"o":{"a":0,"k":100,"ix":4},"w":{"a":0,"k":7,"ix":5},"lc":2,"lj":2,"bm":0,"nm":"Stroke 1","mn":"ADBE Vector Graphic - Stroke","hd":false},{"ty":"tr","p":{"a":0,"k":[55.641,77.065],"ix":2},"a":{"a":0,"k":[0,0],"ix":1},"s":{"a":0,"k":[100,100],"ix":3},"r":{"a":0,"k":0,"ix":6},"o":{"a":0,"k":100,"ix":7},"sk":{"a":0,"k":0,"ix":4},"sa":{"a":0,"k":0,"ix":5},"nm":"Transform"}],"nm":"Group 1","np":2,"cix":2,"bm":0,"ix":1,"mn":"ADBE Vector Group","hd":false}],"ip":0,"op":245,"st":0,"bm":0},{"ddd":0,"ind":16,"ty":4,"nm":"Line 08","sr":1,"ks":{"o":{"a":1,"k":[{"i":{"x":[0.833],"y":[0.833]},"o":{"x":[0.333],"y":[0]},"t":210,"s":[100]},{"t":239,"s":[0]}],"ix":11},"r":{"a":0,"k":0,"ix":10},"p":{"a":0,"k":[204.462,235.73,0],"ix":2},"a":{"a":0,"k":[46.945,56.546,0],"ix":1},"s":{"a":0,"k":[100,100,100],"ix":6}},"ao":0,"shapes":[{"ty":"gr","it":[{"ind":0,"ty":"sh","ix":1,"ks":{"a":1,"k":[{"i":{"x":0.833,"y":0.833},"o":{"x":0.333,"y":0},"t":20,"s":[{"i":[[0,0],[0,0],[0,0],[0,0]],"o":[[0,0],[0,0],[0,0],[0,0]],"v":[[-29.445,-39.046],[-29.46,-39.066],[-29.372,-38.974],[-29.342,-38.995]],"c":false}]},{"i":{"x":0.833,"y":0.833},"o":{"x":0.333,"y":0},"t":35,"s":[{"i":[[0,0],[0,0],[0,0],[0,0]],"o":[[0,0],[0,0],[0,0],[0,0]],"v":[[-29.445,-39.046],[5.29,-39.046],[5.378,-38.954],[5.408,-38.974]],"c":false}]},{"i":{"x":0.833,"y":0.833},"o":{"x":0.333,"y":0},"t":70,"s":[{"i":[[0,0],[0,0],[0,0],[0,0]],"o":[[0,0],[0,0],[0,0],[0,0]],"v":[[-29.445,-39.046],[5.29,-39.046],[5.29,39.046],[5.32,39.026]],"c":false}]},{"t":95,"s":[{"i":[[0,0],[0,0],[0,0],[0,0]],"o":[[0,0],[0,0],[0,0],[0,0]],"v":[[-29.445,-39.046],[5.29,-39.046],[5.29,39.046],[29.445,39.046]],"c":false}]}],"ix":2},"nm":"Path 1","mn":"ADBE Vector Shape - Group","hd":false},{"ty":"st","c":{"a":0,"k":[0.850980392157,0.921568627451,0.949019607843,1],"ix":3},"o":{"a":0,"k":100,"ix":4},"w":{"a":0,"k":7,"ix":5},"lc":2,"lj":2,"bm":0,"nm":"Stroke 1","mn":"ADBE Vector Graphic - Stroke","hd":false},{"ty":"tr","p":{"a":0,"k":[46.945,56.546],"ix":2},"a":{"a":0,"k":[0,0],"ix":1},"s":{"a":0,"k":[100,100],"ix":3},"r":{"a":0,"k":0,"ix":6},"o":{"a":0,"k":100,"ix":7},"sk":{"a":0,"k":0,"ix":4},"sa":{"a":0,"k":0,"ix":5},"nm":"Transform"}],"nm":"Group 1","np":2,"cix":2,"bm":0,"ix":1,"mn":"ADBE Vector Group","hd":false}],"ip":20,"op":245,"st":0,"bm":0}],"markers":[]}