{
  "project_info": {
    "project_number": "1060052391004",
    "firebase_url": "https://thundermaps-8a2ab.firebaseio.com",
    "project_id": "thundermaps-8a2ab",
    "storage_bucket": "thundermaps-8a2ab.appspot.com"
  },
  "client": [
    {
      "client_info": {
        "mobilesdk_app_id": "1:1060052391004:android:2a67e5804d7ae972",
        "android_client_info": {
          "package_name": "com.thundermaps.ccs"
        }
      },
      "oauth_client": [
        {
          "client_id": "1060052391004-mffveo4gsj0j4baa6836e433pebesoat.apps.googleusercontent.com",
          "client_type": 3
        }
      ],
      "api_key": [
        {
          "current_key": "AIzaSyB0qms-qUZVfQotpk0HGnQkRHoZJYiW5oU"
        }
      ],
      "services": {
        "appinvite_service": {
          "other_platform_oauth_client": [
            {
              "client_id": "1060052391004-aejaqfgfm74eq7o9epp774ahp779kksa.apps.googleusercontent.com",
              "client_type": 3
            },
            {
              "client_id": "1060052391004-0iovlr0c4vl3tatnmikd8q0aqrd15luk.apps.googleusercontent.com",
              "client_type": 2,
              "ios_info": {
                "bundle_id": "com.thundermaps.saferme",
                "app_store_id": "1149135115"
              }
            }
          ]
        }
      }
    },
    {
      "client_info": {
        "mobilesdk_app_id": "1:1060052391004:android:67e2cbe86c0dba2a",
        "android_client_info": {
          "package_name": "com.thundermaps.dolphin"
        }
      },
      "oauth_client": [
        {
          "client_id": "1060052391004-mffveo4gsj0j4baa6836e433pebesoat.apps.googleusercontent.com",
          "client_type": 3
        }
      ],
      "api_key": [
        {
          "current_key": "AIzaSyB0qms-qUZVfQotpk0HGnQkRHoZJYiW5oU"
        }
      ],
      "services": {
        "appinvite_service": {
          "other_platform_oauth_client": [
            {
              "client_id": "1060052391004-aejaqfgfm74eq7o9epp774ahp779kksa.apps.googleusercontent.com",
              "client_type": 3
            },
            {
              "client_id": "1060052391004-0iovlr0c4vl3tatnmikd8q0aqrd15luk.apps.googleusercontent.com",
              "client_type": 2,
              "ios_info": {
                "bundle_id": "com.thundermaps.saferme",
                "app_store_id": "1149135115"
              }
            }
          ]
        }
      }
    },
    {
      "client_info": {
        "mobilesdk_app_id": "1:1060052391004:android:9dc2eb5925ebef5c",
        "android_client_info": {
          "package_name": "com.thundermaps.main"
        }
      },
      "oauth_client": [
        {
          "client_id": "1060052391004-mffveo4gsj0j4baa6836e433pebesoat.apps.googleusercontent.com",
          "client_type": 3
        }
      ],
      "api_key": [
        {
          "current_key": "AIzaSyB0qms-qUZVfQotpk0HGnQkRHoZJYiW5oU"
        }
      ],
      "services": {
        "appinvite_service": {
          "other_platform_oauth_client": [
            {
              "client_id": "1060052391004-aejaqfgfm74eq7o9epp774ahp779kksa.apps.googleusercontent.com",
              "client_type": 3
            },
            {
              "client_id": "1060052391004-0iovlr0c4vl3tatnmikd8q0aqrd15luk.apps.googleusercontent.com",
              "client_type": 2,
              "ios_info": {
                "bundle_id": "com.thundermaps.saferme",
                "app_store_id": "1149135115"
              }
            }
          ]
        }
      }
    },
    {
      "client_info": {
        "mobilesdk_app_id": "1:1060052391004:android:45b48b9bbdf85778",
        "android_client_info": {
          "package_name": "com.thundermaps.saferme"
        }
      },
      "oauth_client": [
        {
          "client_id": "1060052391004-mffveo4gsj0j4baa6836e433pebesoat.apps.googleusercontent.com",
          "client_type": 3
        }
      ],
      "api_key": [
        {
          "current_key": "AIzaSyB0qms-qUZVfQotpk0HGnQkRHoZJYiW5oU"
        }
      ],
      "services": {
        "appinvite_service": {
          "other_platform_oauth_client": [
            {
              "client_id": "1060052391004-aejaqfgfm74eq7o9epp774ahp779kksa.apps.googleusercontent.com",
              "client_type": 3
            },
            {
              "client_id": "1060052391004-0iovlr0c4vl3tatnmikd8q0aqrd15luk.apps.googleusercontent.com",
              "client_type": 2,
              "ios_info": {
                "bundle_id": "com.thundermaps.saferme",
                "app_store_id": "1149135115"
              }
            }
          ]
        }
      }
    },
    {
      "client_info": {
        "mobilesdk_app_id": "1:1060052391004:android:90c07067a13c3f38",
        "android_client_info": {
          "package_name": "com.thundermaps.smartoysters"
        }
      },
      "oauth_client": [
        {
          "client_id": "1060052391004-mffveo4gsj0j4baa6836e433pebesoat.apps.googleusercontent.com",
          "client_type": 3
        }
      ],
      "api_key": [
        {
          "current_key": "AIzaSyB0qms-qUZVfQotpk0HGnQkRHoZJYiW5oU"
        }
      ],
      "services": {
        "appinvite_service": {
          "other_platform_oauth_client": [
            {
              "client_id": "1060052391004-aejaqfgfm74eq7o9epp774ahp779kksa.apps.googleusercontent.com",
              "client_type": 3
            },
            {
              "client_id": "1060052391004-0iovlr0c4vl3tatnmikd8q0aqrd15luk.apps.googleusercontent.com",
              "client_type": 2,
              "ios_info": {
                "bundle_id": "com.thundermaps.saferme",
                "app_store_id": "1149135115"
              }
            }
          ]
        }
      }
    }
  ],
  "configuration_version": "1"
}